,s,ns,V,delta
0,1650775094,781591240,1.4777324199676514,0.27308863401412964
0,1650775094,803606461,1.425943374633789,0.28365358710289
0,1650775094,824682856,1.3741543292999268,0.29775065183639526
0,1650775094,864863623,1.425943374633789,0.29775065183639526
0,1650775094,885366923,1.4777324199676514,0.29775065183639526
0,1650775094,906239059,1.5813102722167969,0.29775065183639526
0,1650775094,916615879,1.5813102722167969,0.2871752381324768
0,1650775094,942540359,1.5813102722167969,0.28365358710289
0,1650775094,962198562,1.6330993175506592,0.25900202989578247
0,1650775094,985662343,1.6330993175506592,0.22025339305400848
0,1650775095,7717437,1.5813102722167969,0.1815047562122345
0,1650775095,27758492,1.5813102722167969,0.1216157078742981
0,1650775095,50231382,1.4777324199676514,0.1216157078742981
0,1650775095,59460316,1.4777324199676514,0.08639919757843018
0,1650775095,79812735,1.4777324199676514,0.07934542000293732
0,1650775095,101234221,1.4777324199676514,0.04765055701136589
0,1650775095,150960407,1.2187875509262085,0.030031822621822357
0,1650775095,201775884,0.7525324821472168,0.0441289059817791
0,1650775095,233917170,0.7007434964179993,0.06878046691417694
0,1650775095,253145032,0.7007434964179993,0.09344249963760376
0,1650775095,298861861,0.7525324821472168,0.23433999717235565
0,1650775095,309066902,0.8043214678764343,0.23433999717235565
0,1650775095,342967727,0.8561104536056519,0.2871752381324768
0,1650775095,351240395,0.8561104536056519,0.30479395389556885
0,1650775095,372062131,0.8561104536056519,0.30831560492515564
0,1650775095,392577399,0.7007434964179993,0.30831560492515564
0,1650775095,403355919,0.7007434964179993,0.31183725595474243
0,1650775095,444687291,0.44164445996284485,0.31183725595474243
0,1650775095,466388397,0.3898554742336273,0.31183725595474243
0,1650775095,528558177,0.44164445996284485,0.31183725595474243
0,1650775095,549590123,0.5452224016189575,0.30831560492515564
0,1650775095,573993338,0.7525324821472168,0.30831560492515564
0,1650775095,615384359,0.8043214678764343,0.30479395389556885
0,1650775095,636108333,0.9078994393348694,0.30479395389556885
0,1650775095,656809492,0.9596884250640869,0.2801319360733032
0,1650775095,678404036,0.9596884250640869,0.13923445343971252
0,1650775095,700026933,0.9596884250640869,0.07230211794376373
0,1650775095,719584430,0.8043214678764343,0.0
0,1650775095,741413953,0.7007434964179993,0.0
0,1650775095,794313198,0.7007434964179993,0.0
0,1650775095,908702759,0.7525324821472168,0.0
0,1650775095,929471694,0.8561104536056519,0.0
0,1650775095,949952050,1.2187875509262085,0.0
0,1650775095,959566013,1.2187875509262085,0.04765055701136589
0,1650775095,982915265,1.2705764770507812,0.09696415066719055
0,1650775096,3496582,1.2187875509262085,0.19559136033058167
0,1650775096,24003370,1.0114774703979492,0.19559136033058167
0,1650775096,69493124,0.8043214678764343,0.3400000035762787
0,1650775096,100169434,0.7525324821472168,0.3400000035762787
0,1650775096,150663692,0.7525324821472168,0.3400000035762787
0,1650775096,214065325,0.9078994393348694,0.3400000035762787
0,1650775096,234264238,1.2705764770507812,0.3400000035762787
0,1650775096,245485867,1.2705764770507812,0.3400000035762787
0,1650775096,277165644,1.5813102722167969,0.3329671621322632
0,1650775096,318292117,1.2187875509262085,0.0
0,1650775096,338961371,1.1150553226470947,0.0
0,1650775096,380074213,1.2705764770507812,0.0
0,1650775096,421302768,1.1150553226470947,0.0
0,1650775096,443322885,0.5452224016189575,0.0
0,1650775096,497001658,1.322365403175354,0.09344249963760376
0,1650775096,517500542,1.3741543292999268,0.19559136033058167
0,1650775096,559807253,0.9596884250640869,0.3400000035762787
0,1650775096,580199480,0.8561104536056519,0.3400000035762787
0,1650775096,610899310,1.2187875509262085,0.3400000035762787
0,1650775096,634488212,1.3741543292999268,0.3400000035762787
0,1650775096,689299990,1.4777324199676514,0.3400000035762787
0,1650775096,705966512,1.3741543292999268,0.3400000035762787
0,1650775096,745892268,1.322365403175354,0.08992084860801697
0,1650775096,791845932,1.1150553226470947,0.0
0,1650775096,822482465,1.166844367980957,0.0
0,1650775096,899779485,1.1150553226470947,0.0018586142687126994
0,1650775096,936627863,1.2705764770507812,0.08639919757843018
0,1650775096,967432078,1.4777324199676514,0.3400000035762787
0,1650775096,988539545,1.322365403175354,0.3400000035762787
0,1650775097,8947292,1.1150553226470947,0.3400000035762787
0,1650775097,31235892,1.0114774703979492,0.3400000035762787
0,1650775097,51258707,1.1150553226470947,0.3400000035762787
0,1650775097,74069873,1.425943374633789,0.3400000035762787
0,1650775097,93423944,1.4777324199676514,0.3400000035762787
0,1650775097,103868540,1.4777324199676514,0.3259238600730896
0,1650775097,155371034,1.425943374633789,0.0
0,1650775097,171131561,1.322365403175354,0.0
0,1650775097,222656454,1.322365403175354,0.0
0,1650775097,268011039,1.8402552604675293,0.0
0,1650775097,321497363,1.788466215133667,0.0
0,1650775097,396643063,1.788466215133667,0.10048580169677734
0,1650775097,422463542,1.5295213460922241,0.10048580169677734
0,1650775097,427203275,1.5295213460922241,0.26956698298454285
0,1650775097,447930930,1.322365403175354,0.3400000035762787
0,1650775097,479313423,1.4777324199676514,0.3400000035762787
0,1650775097,499902548,1.6330993175506592,0.3400000035762787
0,1650775097,531606453,1.6848883628845215,0.22025339305400848
0,1650775097,552395452,1.6848883628845215,0.0
0,1650775097,572751551,1.7366772890090942,0.0
0,1650775097,606249108,1.8921984434127808,0.0
0,1650775097,658147445,1.8921984434127808,0.0
0,1650775097,688192964,1.6330993175506592,0.0
0,1650775097,710819744,1.5813102722167969,0.0
0,1650775097,760608202,1.943987488746643,0.0
0,1650775097,801934422,1.9957764148712158,0.0
0,1650775097,842160886,1.943987488746643,0.0
0,1650775097,877355453,1.8402552604675293,0.0
0,1650775097,905644408,1.6848883628845215,0.0
0,1650775097,977079827,1.5295213460922241,0.0
0,1650775098,11883927,1.8921984434127808,0.0
0,1650775098,54240270,1.3741543292999268,0.0
0,1650775098,87841668,1.063266396522522,0.0
0,1650775098,106750615,1.5813102722167969,0.0
0,1650775098,116849415,1.9957764148712158,0.0
0,1650775098,147705598,3.1872315406799316,0.0
0,1650775098,179893541,3.290809392929077,0.0
0,1650775098,201203890,2.9281325340270996,0.0
0,1650775098,222858435,2.7727653980255127,0.0
0,1650775098,252623214,2.669187545776367,0.0
0,1650775098,294694147,3.031710386276245,0.0
0,1650775098,325209814,3.3425984382629395,0.0
0,1650775098,344729519,3.3943872451782227,0.0
0,1650775098,397106774,3.3943872451782227,0.0
0,1650775098,415873383,3.239020347595215,0.0
0,1650775098,436289195,3.031710386276245,0.0
0,1650775098,458237151,2.824554443359375,0.0
0,1650775098,477675127,2.5138206481933594,0.0
0,1650775098,498650081,2.0993545055389404,0.0
0,1650775098,534549008,2.410088300704956,0.0
0,1650775098,606548722,1.6848883628845215,0.0
0,1650775098,638868890,1.1150553226470947,0.0
0,1650775098,673226584,0.23448851704597473,0.0
0,1650775098,740324643,0.3898554742336273,0.0
0,1650775098,784310828,1.0114774703979492,0.0
0,1650775098,838983277,1.2705764770507812,0.0
0,1650775098,879318318,1.2705764770507812,0.026510171592235565
0,1650775098,902177324,1.1150553226470947,0.04765055701136589
0,1650775098,922510127,1.0114774703979492,0.04765055701136589
0,1650775098,933065700,1.0114774703979492,0.06525881588459015
0,1650775098,955269211,0.9078994393348694,0.08639919757843018
0,1650775098,975340347,0.5452224016189575,0.1251373589038849
0,1650775099,5477866,0.23448851704597473,0.13923445343971252
0,1650775099,27602433,0.5971655249595642,0.15684270858764648
0,1650775099,37780850,0.5971655249595642,0.20615631341934204
0,1650775099,72058767,0.13091053068637848,0.22025339305400848
0,1650775099,145263710,0.0,0.2167317420244217
0,1650775099,209233734,1.5813102722167969,0.22025339305400848
0,1650775099,249929067,1.2705764770507812,0.22377504408359528
0,1650775099,270823508,1.1150553226470947,0.22377504408359528
0,1650775099,315972331,1.425943374633789,0.22377504408359528
0,1650775099,344675530,1.8402552604675293,0.22025339305400848
0,1650775099,371808408,1.9957764148712158,0.1815047562122345
0,1650775099,390116036,1.9957764148712158,0.1251373589038849
0,1650775099,399408715,2.047565460205078,0.1251373589038849
0,1650775099,424622276,2.047565460205078,0.06878046691417694
0,1650775099,457439217,1.943987488746643,0.08639919757843018
0,1650775099,479275972,1.5813102722167969,0.08639919757843018
0,1650775099,491179305,1.5813102722167969,0.09344249963760376
0,1650775099,531341160,1.6330993175506592,0.11457240581512451
0,1650775099,551952557,1.943987488746643,0.11457240581512451
0,1650775099,562413666,1.943987488746643,0.1251373589038849
0,1650775099,625002779,1.9957764148712158,0.1251373589038849
0,1650775099,687181839,1.788466215133667,0.13219115138053894
0,1650775099,698267722,1.788466215133667,0.14275610446929932
0,1650775099,719972316,1.6848883628845215,0.16036435961723328
0,1650775099,740048987,1.7366772890090942,0.19911301136016846
0,1650775099,770370477,1.7366772890090942,0.24138329923152924
0,1650775099,791652026,1.7366772890090942,0.27308863401412964
0,1650775099,814472280,1.6848883628845215,0.3400000035762787
0,1650775099,823958817,1.6330993175506592,0.3400000035762787
0,1650775099,844514054,1.425943374633789,0.3400000035762787
0,1650775099,896818796,1.4777324199676514,0.3400000035762787
0,1650775099,928785136,1.5295213460922241,0.3400000035762787
0,1650775099,959477638,1.5295213460922241,0.33648881316185
0,1650775099,979982250,1.5295213460922241,0.22377504408359528
0,1650775100,3664626,1.425943374633789,0.13923445343971252
0,1650775100,24449177,1.2187875509262085,0.0
0,1650775100,56029497,1.2705764770507812,0.0
0,1650775100,76256634,1.5813102722167969,0.0
0,1650775100,118340814,1.5295213460922241,0.0
0,1650775100,137526756,1.3741543292999268,0.0
0,1650775100,178378539,1.8402552604675293,0.0
0,1650775100,209167618,2.2547214031219482,0.0
0,1650775100,230186988,2.5138206481933594,0.0
0,1650775100,251654459,2.979921340942383,0.0
0,1650775100,294179892,2.669187545776367,0.0
0,1650775100,326019414,2.410088300704956,0.0
0,1650775100,347610407,2.3582992553710938,0.0
0,1650775100,399295750,2.3582992553710938,0.0
0,1650775100,431082056,1.943987488746643,0.0
0,1650775100,464145848,1.7366772890090942,0.0
0,1650775100,515545716,1.7366772890090942,0.0
0,1650775100,536195034,1.5813102722167969,0.0
0,1650775100,561395923,1.5295213460922241,0.0
0,1650775100,613968412,1.7366772890090942,0.0
0,1650775100,639545337,1.9957764148712158,0.0
0,1650775100,698655147,1.8402552604675293,0.0
0,1650775100,720800897,1.6330993175506592,0.0
0,1650775100,742636757,1.425943374633789,0.0
0,1650775100,773353835,1.2705764770507812,0.0
0,1650775100,823758876,1.2705764770507812,0.0
0,1650775100,843983965,1.5813102722167969,0.0
0,1650775100,864655427,1.6848883628845215,0.0
0,1650775100,875135160,1.6330993175506592,0.0
0,1650775100,910837125,1.4777324199676514,0.0
0,1650775100,950922339,1.2187875509262085,0.0
0,1650775101,3839344,0.8561104536056519,0.0
0,1650775101,25957287,0.5452224016189575,0.0
0,1650775101,59359579,1.0114774703979492,0.0
0,1650775101,86193029,1.1150553226470947,0.0
0,1650775101,119522104,0.7525324821472168,0.0
0,1650775101,138287977,0.7007434964179993,0.0
0,1650775101,190775218,0.7007434964179993,0.0
0,1650775101,212774087,0.4934334456920624,0.0
0,1650775101,234126676,0.44164445996284485,0.0
0,1650775101,335390140,0.5971655249595642,0.0
0,1650775101,379417094,1.5813102722167969,0.012423567473888397
0,1650775101,424575549,0.5452224016189575,0.0
0,1650775101,475537300,0.8043214678764343,0.0
0,1650775101,496880962,0.8561104536056519,0.0
0,1650775101,541795062,0.7525324821472168,0.06173716112971306
0,1650775101,560899146,0.7525324821472168,0.13219115138053894
0,1650775101,581792531,1.166844367980957,0.13219115138053894
0,1650775101,614992357,1.4777324199676514,0.16740766167640686
0,1650775101,634893762,1.8921984434127808,0.16388601064682007
0,1650775101,678238629,2.3582992553710938,0.16388601064682007
0,1650775101,698887787,1.9957764148712158,0.10048580169677734
0,1650775101,719044491,1.788466215133667,0.026510171592235565
0,1650775101,742180589,1.6848883628845215,0.0
0,1650775101,771093519,1.6330993175506592,0.0
0,1650775101,803189940,1.3741543292999268,0.0
0,1650775101,823594967,0.3380664885044098,0.0
0,1650775101,844966085,0.23448851704597473,0.0
0,1650775101,866316371,1.063266396522522,0.0
0,1650775101,887077370,1.322365403175354,0.0
0,1650775101,960391018,0.0,0.0
0,1650775101,981187602,0.8043214678764343,0.0
0,1650775102,1464852,1.9957764148712158,0.0
0,1650775102,54824934,2.410088300704956,0.0
0,1650775102,75659982,2.7727653980255127,0.0
0,1650775102,107724403,1.8921984434127808,0.0
0,1650775102,168996445,1.6848883628845215,0.0
0,1650775102,190003399,1.9957764148712158,0.0
0,1650775102,212275775,1.9957764148712158,0.0
0,1650775102,241930825,0.9596884250640869,0.0
0,1650775102,283360150,1.4777324199676514,0.0
0,1650775102,315108984,2.669187545776367,0.0
0,1650775102,336411781,3.1872315406799316,0.0
0,1650775102,356757447,2.8763434886932373,0.0
0,1650775102,377661936,1.943987488746643,0.0
0,1650775102,398556729,1.6330993175506592,0.0
0,1650775102,417593485,1.2187875509262085,0.0
0,1650775102,448378564,1.5813102722167969,0.0
0,1650775102,473584316,1.6330993175506592,0.0
0,1650775102,490386391,1.2705764770507812,0.0
0,1650775102,520734697,0.9078994393348694,0.0
0,1650775102,540973419,1.4777324199676514,0.0
0,1650775102,561823635,3.0834994316101074,0.0
0,1650775102,591912578,0.28627750277519226,0.0
0,1650775102,612576520,0.0,0.0
0,1650775102,664209287,1.7366772890090942,0.0
0,1650775102,684747723,1.943987488746643,0.0
0,1650775102,746099191,2.8763434886932373,0.0
0,1650775102,766369272,2.979921340942383,0.0
0,1650775102,839226947,3.4979653358459473,0.0
0,1650775102,870968837,4.378686428070068,0.0
0,1650775102,891566570,4.534053325653076,0.0
0,1650775102,943411403,0.9596884250640869,0.0
0,1650775102,985499616,2.3582992553710938,0.0
0,1650775103,9213000,3.4979653358459473,0.0
0,1650775103,50529012,2.3582992553710938,0.0
0,1650775103,83377218,1.7366772890090942,0.0
0,1650775103,125024242,2.3582992553710938,0.022988520562648773
0,1650775103,135588711,2.3582992553710938,0.06525881588459015
0,1650775103,155177377,2.824554443359375,0.09344249963760376
0,1650775103,165770167,2.5656094551086426,0.15684270858764648
0,1650775103,187018244,1.7366772890090942,0.15684270858764648
0,1650775103,201361860,1.7366772890090942,0.24138329923152924
0,1650775103,217681529,1.9957764148712158,0.2942185401916504
0,1650775103,239063112,2.8763434886932373,0.3400000035762787
0,1650775103,259411914,1.5295213460922241,0.3400000035762787
0,1650775103,269546267,1.5295213460922241,0.3400000035762787
0,1650775103,290310146,0.0,0.3400000035762787
0,1650775103,382330787,0.0,0.3400000035762787
0,1650775103,433086936,0.0,0.3400000035762787
0,1650775103,486590412,0.0,0.3400000035762787
0,1650775103,506583146,0.5971655249595642,0.3400000035762787
0,1650775103,516660123,0.5971655249595642,0.3400000035762787
0,1650775103,539234390,0.8043214678764343,0.3400000035762787
0,1650775103,562960606,0.7525324821472168,0.3400000035762787
0,1650775103,582914076,0.8043214678764343,0.3400000035762787
0,1650775103,593232367,0.8043214678764343,0.3400000035762787
0,1650775103,614051191,1.063266396522522,0.3400000035762787
0,1650775103,624773295,1.063266396522522,0.3400000035762787
0,1650775103,656500784,0.5452224016189575,0.3400000035762787
0,1650775103,691174386,0.5452224016189575,0.3400000035762787
0,1650775103,722252204,0.9078994393348694,0.3400000035762787
0,1650775103,782139687,0.8043214678764343,0.3400000035762787
0,1650775103,833818054,0.8043214678764343,0.3400000035762787
0,1650775103,853495329,1.0114774703979492,0.3400000035762787
0,1650775103,863819348,1.0114774703979492,0.3400000035762787
0,1650775103,884802974,1.0114774703979492,0.3400000035762787
0,1650775103,906697682,1.063266396522522,0.3400000035762787
0,1650775103,936649247,1.166844367980957,0.3400000035762787
0,1650775103,957067011,1.2187875509262085,0.3400000035762787
0,1650775104,10466581,1.2187875509262085,0.3400000035762787
0,1650775104,65469850,1.2705764770507812,0.3400000035762787
0,1650775104,129880327,1.425943374633789,0.3400000035762787
0,1650775104,172421633,1.0114774703979492,0.3400000035762787
0,1650775104,216195496,1.0114774703979492,0.3400000035762787
0,1650775104,248115116,1.322365403175354,0.24138329923152924
0,1650775104,271791251,1.425943374633789,0.24138329923152924
0,1650775104,290687462,1.4777324199676514,0.24138329923152924
0,1650775104,321908898,1.6330993175506592,0.24138329923152924
0,1650775104,345274950,1.8402552604675293,0.24138329923152924
0,1650775104,358059476,1.8921984434127808,0.24138329923152924
0,1650775104,375456694,1.943987488746643,0.24138329923152924
0,1650775104,397175688,1.943987488746643,0.2167317420244217
0,1650775104,418074768,1.8921984434127808,0.1815047562122345
0,1650775104,439981412,1.8921984434127808,0.15684270858764648
0,1650775104,461546293,1.8921984434127808,0.1462777554988861
0,1650775104,502025527,1.8402552604675293,0.1462777554988861
0,1650775104,545314873,1.8921984434127808,0.13923445343971252
0,1650775104,567106892,1.943987488746643,0.1216157078742981
0,1650775104,597677857,1.943987488746643,0.09344249963760376
0,1650775104,651814875,1.943987488746643,0.09344249963760376
0,1650775104,673840657,1.9957764148712158,0.09696415066719055
0,1650775104,695733637,1.9957764148712158,0.11105075478553772
0,1650775104,707220196,2.047565460205078,0.14275610446929932
0,1650775104,728045548,2.202932357788086,0.14275610446929932
0,1650775104,739409163,2.202932357788086,0.1533210575580597
0,1650775104,766635802,2.202932357788086,0.15684270858764648
0,1650775104,819637000,2.202932357788086,0.15684270858764648
0,1650775104,882312738,2.202932357788086,0.17093980312347412
0,1650775104,901893980,1.9957764148712158,0.1850264072418213
0,1650775104,923577294,1.9957764148712158,0.20263466238975525
0,1650775104,954525734,1.9957764148712158,0.25900202989578247
0,1650775104,975451855,2.047565460205078,0.29775065183639526
0,1650775104,997338243,2.047565460205078,0.33648881316185
0,1650775105,24171982,2.0993545055389404,0.3400000035762787
0,1650775105,79184755,2.0993545055389404,0.3400000035762787
0,1650775105,130138570,2.0993545055389404,0.26956698298454285
0,1650775105,150753648,2.1511433124542236,0.20615631341934204
0,1650775105,171424662,2.0993545055389404,0.1533210575580597
0,1650775105,182164302,2.1511433124542236,0.11105075478553772
0,1650775105,203321785,2.1511433124542236,0.030031822621822357
0,1650775105,246859134,2.1511433124542236,0.0
0,1650775105,290723335,2.1511433124542236,0.0
0,1650775105,331385739,2.2547214031219482,0.0
0,1650775105,375399350,2.202932357788086,0.0
0,1650775105,398067794,2.047565460205078,0.0
0,1650775105,417620684,1.9957764148712158,-0.07933493703603745
0,1650775105,444738330,1.9957764148712158,-0.13570231199264526
0,1650775105,465046012,1.9957764148712158,-0.14626726508140564
0,1650775105,517404771,1.9957764148712158,-0.10047532618045807
0,1650775105,538237515,1.9957764148712158,0.0
0,1650775105,610280749,1.943987488746643,0.0
0,1650775105,653501135,1.8921984434127808,0.0
0,1650775105,705269871,1.8921984434127808,0.0
0,1650775105,757255570,1.8921984434127808,0.0
0,1650775105,808650831,1.8921984434127808,0.0
0,1650775105,852849563,1.943987488746643,0.0
0,1650775105,891353256,2.047565460205078,0.0
0,1650775105,943362763,2.047565460205078,0.0
0,1650775105,999166360,2.047565460205078,0.0
0,1650775106,42525627,2.0993545055389404,0.0
0,1650775106,68062776,2.3065104484558105,0.0
0,1650775106,98509547,2.410088300704956,0.0
0,1650775106,131699293,2.4618773460388184,0.0
0,1650775106,183158458,2.4618773460388184,0.0
0,1650775106,234406709,2.4618773460388184,0.0
0,1650775106,284937351,2.4618773460388184,0.0
0,1650775106,340763765,2.4618773460388184,0.0
0,1650775106,393486784,2.4618773460388184,0.0
0,1650775106,443999027,2.4618773460388184,0.0
0,1650775106,507732633,2.5138206481933594,0.0
0,1650775106,548464190,2.410088300704956,0.0
0,1650775106,600305760,2.410088300704956,0.0
0,1650775106,651999040,2.410088300704956,0.0
0,1650775106,704334470,2.410088300704956,0.0
0,1650775106,767138082,2.4618773460388184,0.0
0,1650775106,780361909,2.5138206481933594,-0.07229163497686386
0,1650775106,811391951,2.5138206481933594,-0.2202429175376892
0,1650775106,843480052,2.5138206481933594,-0.3400000035762787
0,1650775106,864762881,2.617398500442505,-0.3400000035762787
0,1650775106,884679455,2.7209763526916504,-0.3400000035762787
0,1650775106,921674907,2.7727653980255127,-0.3400000035762787
0,1650775106,982941574,2.824554443359375,-0.3400000035762787
0,1650775107,32220682,2.824554443359375,-0.3400000035762787
0,1650775107,86444454,2.824554443359375,-0.3400000035762787
0,1650775107,109387238,2.824554443359375,-0.27307814359664917
0,1650775107,129327140,2.8763434886932373,-0.1991025060415268
0,1650775107,142030738,2.824554443359375,-0.13218066096305847
0,1650775107,160622081,2.8763434886932373,0.0
0,1650775107,181013924,2.8763434886932373,0.0
0,1650775107,211875739,2.8763434886932373,0.0
0,1650775107,263630844,2.8763434886932373,-0.11456193029880524
0,1650775107,284750279,2.8763434886932373,-0.1673971712589264
0,1650775107,306995167,2.824554443359375,-0.30830514430999756
0,1650775107,343385716,2.7727653980255127,-0.3400000035762787
0,1650775107,391278186,2.7727653980255127,-0.3400000035762787
0,1650775107,443503568,2.7727653980255127,-0.3400000035762787
0,1650775107,473800129,2.7727653980255127,-0.23432952165603638
0,1650775107,497549482,2.7727653980255127,-0.14626726508140564
0,1650775107,514859562,2.7727653980255127,0.0
0,1650775107,545434047,2.7209763526916504,0.0
0,1650775107,576914110,2.7727653980255127,0.0
0,1650775107,630186447,2.7727653980255127,0.0
0,1650775107,681545131,2.7727653980255127,0.0
0,1650775107,743267770,2.7209763526916504,0.0
0,1650775107,796617901,2.669187545776367,0.0
0,1650775107,847555716,2.669187545776367,0.0
0,1650775107,899129859,2.669187545776367,0.0
0,1650775107,962524517,2.7209763526916504,0.0
0,1650775107,993593823,2.7209763526916504,0.0
0,1650775108,48178655,2.7209763526916504,0.030031822621822357
0,1650775108,68197342,2.9281325340270996,0.030031822621822357
0,1650775108,81659732,2.979921340942383,0.13571280241012573
0,1650775108,102138040,3.031710386276245,0.26604533195495605
0,1650775108,124438928,3.0834994316101074,0.30479395389556885
0,1650775108,143322307,3.031710386276245,0.3400000035762787
0,1650775108,165352536,3.031710386276245,0.3400000035762787
0,1650775108,198073669,3.0834994316101074,0.3400000035762787
0,1650775108,240624095,3.0834994316101074,0.26956698298454285
0,1650775108,260910272,3.031710386276245,0.1533210575580597
0,1650775108,282488817,2.979921340942383,0.0
0,1650775108,303277688,2.8763434886932373,0.0
0,1650775108,343222645,2.7727653980255127,0.0
0,1650775108,373913739,2.669187545776367,0.0
0,1650775108,428175688,2.669187545776367,0.0
0,1650775108,492744407,2.617398500442505,0.0
0,1650775108,524395864,2.5656094551086426,0.022988520562648773
0,1650775108,542986151,2.5656094551086426,0.05117220804095268
0,1650775108,563036870,2.5656094551086426,0.11105075478553772
0,1650775108,594642022,2.5138206481933594,0.16036435961723328
0,1650775108,617010271,2.3582992553710938,0.17093980312347412
0,1650775108,636176597,2.3065104484558105,0.1779831051826477
0,1650775108,671587871,2.3065104484558105,0.19911301136016846
0,1650775108,732601991,2.3065104484558105,0.1850264072418213
0,1650775108,753255821,2.3065104484558105,0.17093980312347412
0,1650775108,773502606,2.3065104484558105,0.06525881588459015
0,1650775108,804440487,2.2547214031219482,0.0
0,1650775108,824901259,2.1511433124542236,0.0
0,1650775108,876646155,2.1511433124542236,0.0
0,1650775108,921457983,2.1511433124542236,0.01946686953306198
0,1650775108,941335036,2.1511433124542236,0.08287755399942398
0,1650775108,961265050,2.1511433124542236,0.10752910375595093
0,1650775108,981672477,2.1511433124542236,0.1497994065284729
0,1650775109,2221026,2.202932357788086,0.16036435961723328
0,1650775109,23523152,2.202932357788086,0.16740766167640686
0,1650775109,45007487,2.3065104484558105,0.16740766167640686
0,1650775109,85018365,2.3065104484558105,0.13923445343971252
0,1650775109,108553955,2.3065104484558105,0.1251373589038849
0,1650775109,127318804,2.3065104484558105,0.1180940568447113
0,1650775109,148229117,2.3065104484558105,0.13571280241012573
0,1650775109,168609408,2.3065104484558105,0.15684270858764648
0,1650775109,189768844,2.3582992553710938,0.2132100909948349
0,1650775109,220545410,2.3582992553710938,0.26956698298454285
0,1650775109,244123305,2.3582992553710938,0.29775065183639526
0,1650775109,263843941,2.3582992553710938,0.3329671621322632
0,1650775109,293848211,2.3582992553710938,0.3400000035762787
0,1650775109,344913676,2.3582992553710938,0.3400000035762787
0,1650775109,396250536,2.3582992553710938,0.3400000035762787
0,1650775109,427959241,2.3582992553710938,0.318880558013916
0,1650775109,449143061,2.410088300704956,0.31183725595474243
0,1650775109,469394935,2.3582992553710938,0.2942185401916504
0,1650775109,502772171,2.3582992553710938,0.2554803788661957
0,1650775109,523390416,2.410088300704956,0.22377504408359528
0,1650775109,545347237,2.4618773460388184,0.1180940568447113
0,1650775109,574532138,2.410088300704956,0.00890191551297903
0,1650775109,590019895,2.410088300704956,0.0
0,1650775109,643935791,2.4618773460388184,0.0
0,1650775109,678896117,2.4618773460388184,0.01594521850347519
0,1650775109,698743666,2.410088300704956,0.03707512468099594
0,1650775109,719233526,2.410088300704956,0.11457240581512451
0,1650775109,749893420,2.410088300704956,0.2519482374191284
0,1650775109,782117203,2.410088300704956,0.3400000035762787
0,1650775109,802609431,2.202932357788086,0.3400000035762787
0,1650775109,830445421,2.1511433124542236,0.3400000035762787
0,1650775109,883320250,2.1511433124542236,0.3400000035762787
0,1650775109,936297032,2.1511433124542236,0.3400000035762787
0,1650775109,955755905,2.0993545055389404,0.318880558013916
0,1650775109,980179281,1.5813102722167969,0.318880558013916
0,1650775109,998359868,1.2187875509262085,0.01594521850347519
0,1650775110,21620351,0.02733256295323372,0.01594521850347519
0,1650775110,33146367,0.02733256295323372,0.0
0,1650775110,52576248,0.0,0.0
0,1650775110,103408622,0.0,0.0
0,1650775110,155362737,0.0,0.0
0,1650775110,206697101,0.0,0.0
0,1650775110,262569019,0.0,0.0
0,1650775110,313118766,0.0,0.040607254952192307
0,1650775110,343934598,0.0,0.12866950035095215
0,1650775110,363975045,0.0,0.16740766167640686
0,1650775110,384427209,0.0,0.24138329923152924
0,1650775110,405538484,0.5452224016189575,0.24138329923152924
0,1650775110,416133578,0.5452224016189575,0.28365358710289
0,1650775110,438448419,1.063266396522522,0.2906968891620636
0,1650775110,467815498,1.2705764770507812,0.2906968891620636
0,1650775110,498759363,1.2705764770507812,0.2871752381324768
0,1650775110,518676416,1.2705764770507812,0.27661028504371643
0,1650775110,549408055,1.2705764770507812,0.2519482374191284
0,1650775110,572036019,1.2705764770507812,0.24138329923152924
0,1650775110,591270921,1.2705764770507812,0.19206970930099487
0,1650775110,622167041,1.2705764770507812,0.13219115138053894
0,1650775110,642038015,1.2705764770507812,0.08639919757843018
0,1650775110,662814310,1.2187875509262085,0.0
0,1650775110,723748653,1.2187875509262085,0.0
0,1650775110,754382082,0.7525324821472168,0.0
0,1650775110,786275142,0.6489545106887817,0.0
0,1650775110,836452085,0.6489545106887817,0.0
0,1650775110,896879606,0.6489545106887817,0.0
0,1650775110,959675442,0.9078994393348694,0.0
0,1650775110,989016729,0.9596884250640869,0.0
0,1650775111,29227321,0.6489545106887817,0.0
0,1650775111,80059759,0.6489545106887817,0.0
0,1650775111,100907063,0.8043214678764343,0.0
0,1650775111,155056083,0.8043214678764343,0.0
0,1650775111,165368389,0.9596884250640869,0.0
0,1650775111,196707843,1.063266396522522,0.0
0,1650775111,248527236,1.063266396522522,0.0
0,1650775111,280004899,0.8561104536056519,0.0
0,1650775111,310020913,0.7525324821472168,0.0
0,1650775111,351354206,0.8561104536056519,0.0
0,1650775111,381291627,0.9596884250640869,0.0
0,1650775111,422187347,0.9078994393348694,0.0
0,1650775111,463183548,0.8561104536056519,0.0
0,1650775111,472940264,0.8043214678764343,0.0018586142687126994
0,1650775111,494719003,0.7525324821472168,0.026510171592235565
0,1650775111,513678574,0.7525324821472168,0.054693859070539474
0,1650775111,536917521,0.8043214678764343,0.08639919757843018
0,1650775111,554995323,1.166844367980957,0.08992084860801697
0,1650775111,575868547,1.2705764770507812,0.10048580169677734
0,1650775111,586942943,1.425943374633789,0.10752910375595093
0,1650775111,607329762,1.4777324199676514,0.1180940568447113
0,1650775111,617768854,1.4777324199676514,0.12866950035095215
0,1650775111,638359772,1.4777324199676514,0.13571280241012573
0,1650775111,679289796,1.4777324199676514,0.12866950035095215
0,1650775111,700025067,1.5813102722167969,0.1180940568447113
0,1650775111,721857182,1.5813102722167969,0.09344249963760376
0,1650775111,742406595,1.5813102722167969,0.0
0,1650775111,804870363,1.5813102722167969,0.0
0,1650775111,845129435,1.3741543292999268,0.0
0,1650775111,876245302,1.2705764770507812,0.0
0,1650775111,896001362,1.2187875509262085,0.0
0,1650775111,928567421,1.166844367980957,0.0
0,1650775111,979298482,1.166844367980957,0.0
0,1650775112,10629519,1.3741543292999268,0.0
0,1650775112,41189860,1.4777324199676514,0.0018586142687126994
0,1650775112,61572551,1.4777324199676514,0.026510171592235565
0,1650775112,92779427,1.425943374633789,0.040607254952192307
0,1650775112,113181030,1.322365403175354,0.0441289059817791
0,1650775112,134585429,1.2705764770507812,0.03707512468099594
0,1650775112,159613227,1.3741543292999268,0.03707512468099594
0,1650775112,164644804,1.3741543292999268,0.01946686953306198
0,1650775112,185203177,1.6848883628845215,0.0018586142687126994
0,1650775112,206240499,1.7366772890090942,0.0
0,1650775112,227629633,1.7366772890090942,0.0
0,1650775112,248227495,1.6848883628845215,0.005380264949053526
0,1650775112,269061839,1.6848883628845215,0.026510171592235565
0,1650775112,290628735,1.8402552604675293,0.026510171592235565
0,1650775112,300268331,1.8402552604675293,0.09696415066719055
0,1650775112,322362433,1.8921984434127808,0.1462777554988861
0,1650775112,341247891,1.8921984434127808,0.1850264072418213
0,1650775112,377846763,1.8921984434127808,0.1815047562122345
0,1650775112,407743736,1.8402552604675293,0.16740766167640686
0,1650775112,418367343,1.6330993175506592,0.16740766167640686
0,1650775112,440133985,1.5295213460922241,0.08992084860801697
0,1650775112,481271628,1.4777324199676514,0.0
0,1650775112,532479430,1.6848883628845215,0.0
0,1650775112,552443173,1.788466215133667,0.0
0,1650775112,573025578,1.3741543292999268,0.0
0,1650775112,583850083,1.3741543292999268,0.03355347365140915
0,1650775112,603881314,1.063266396522522,0.058215510100126266
0,1650775112,624659561,1.063266396522522,0.1251373589038849
0,1650775112,644937611,1.425943374633789,0.1251373589038849
0,1650775112,655345375,1.5813102722167969,0.18854805827140808
0,1650775112,665907413,1.6848883628845215,0.2167317420244217
0,1650775112,686350041,1.8402552604675293,0.23433999717235565
0,1650775112,706791261,1.8921984434127808,0.23433999717235565
0,1650775112,727279969,1.8921984434127808,0.1815047562122345
0,1650775112,764344478,1.8921984434127808,0.0
0,1650775112,779756042,1.8921984434127808,0.0
0,1650775112,819571461,1.943987488746643,0.0
0,1650775112,861349751,1.9957764148712158,0.0
0,1650775112,901993692,2.047565460205078,0.0
0,1650775112,951936104,2.047565460205078,0.0
0,1650775112,993553912,1.9957764148712158,0.0
0,1650775113,24556945,1.9957764148712158,0.022988520562648773
0,1650775113,45430970,1.9957764148712158,0.19206970930099487
0,1650775113,66384867,1.9957764148712158,0.33648881316185
0,1650775113,86686918,1.9957764148712158,0.3400000035762787
0,1650775113,138470407,1.9957764148712158,0.3400000035762787
0,1650775113,199555215,2.202932357788086,0.3400000035762787
0,1650775113,249279610,2.202932357788086,0.2519482374191284
0,1650775113,270425797,1.9957764148712158,0.2519482374191284
0,1650775113,281805348,1.9957764148712158,0.03707512468099594
0,1650775113,303053009,1.9957764148712158,0.0
0,1650775113,323528437,1.943987488746643,0.0
0,1650775113,347016475,1.943987488746643,0.0
0,1650775113,357157772,1.9957764148712158,-0.08286707103252411
0,1650775113,367407550,2.047565460205078,-0.21672126650810242
0,1650775113,388139685,2.1511433124542236,-0.3400000035762787
0,1650775113,408322438,2.2547214031219482,-0.3400000035762787
0,1650775113,459786211,2.047565460205078,-0.3400000035762787
0,1650775113,481215538,1.9957764148712158,-0.3400000035762787
0,1650775113,532812401,1.9957764148712158,-0.3400000035762787
0,1650775113,591993253,1.9957764148712158,-0.3400000035762787
0,1650775113,609944109,1.943987488746643,-0.3400000035762787
0,1650775113,631174713,1.943987488746643,-0.15331056714057922
0,1650775113,652580904,1.943987488746643,0.0
0,1650775113,671840478,1.9957764148712158,0.0
0,1650775113,692610086,1.943987488746643,0.08639919757843018
0,1650775113,712037694,1.943987488746643,0.3329671621322632
0,1650775113,744550729,1.943987488746643,0.3400000035762787
0,1650775113,763776383,1.8921984434127808,0.3400000035762787
0,1650775113,804392996,1.943987488746643,0.3400000035762787
0,1650775113,865383627,1.943987488746643,0.3400000035762787
0,1650775113,886213171,1.9957764148712158,0.3400000035762787
0,1650775113,938153398,1.943987488746643,0.3400000035762787
0,1650775113,998961564,1.943987488746643,0.33648881316185
0,1650775114,19946534,1.943987488746643,0.26252368092536926
0,1650775114,50380633,1.943987488746643,0.27661028504371643
0,1650775114,70958622,1.943987488746643,0.30479395389556885
0,1650775114,91567812,1.943987488746643,0.3400000035762787
0,1650775114,112051464,1.943987488746643,0.3400000035762787
0,1650775114,143031617,1.8921984434127808,0.3400000035762787
0,1650775114,185057494,1.8921984434127808,0.3400000035762787
0,1650775114,237176987,1.8921984434127808,0.3400000035762787
0,1650775114,287281161,1.8921984434127808,0.3400000035762787
0,1650775114,340663708,1.8921984434127808,0.3400000035762787
0,1650775114,404122879,1.8921984434127808,0.08992084860801697
0,1650775114,424740613,1.8921984434127808,0.0
0,1650775114,448182538,1.8402552604675293,0.0
0,1650775114,475881695,1.8402552604675293,-0.27307814359664917
0,1650775114,486444820,1.8402552604675293,-0.3400000035762787
0,1650775114,548299142,1.788466215133667,-0.3400000035762787
0,1650775114,600732366,1.788466215133667,-0.3400000035762787
0,1650775114,643919311,1.788466215133667,-0.3400000035762787
0,1650775114,675328141,1.6848883628845215,-0.3400000035762787
0,1650775114,720883401,1.6330993175506592,-0.3400000035762787
0,1650775114,781762352,1.5813102722167969,-0.3400000035762787
0,1650775114,813053324,1.5295213460922241,-0.3400000035762787
0,1650775114,864167494,1.5295213460922241,-0.3400000035762787
0,1650775114,926001815,1.5295213460922241,0.0
0,1650775114,958897894,1.5813102722167969,0.01594521850347519
0,1650775114,981569986,1.788466215133667,0.1251373589038849
0,1650775115,2601453,1.8402552604675293,0.3400000035762787
0,1650775115,39473576,1.8402552604675293,0.3400000035762787
0,1650775115,60444401,1.8921984434127808,0.3400000035762787
0,1650775115,114117960,1.8921984434127808,0.3400000035762787
0,1650775115,134903823,1.943987488746643,0.3400000035762787
0,1650775115,203244649,1.9957764148712158,0.3400000035762787
0,1650775115,251966472,1.9957764148712158,0.3400000035762787
0,1650775115,315632174,2.047565460205078,0.3400000035762787
0,1650775115,358455275,2.1511433124542236,0.3400000035762787
0,1650775115,398116229,2.202932357788086,0.3400000035762787
0,1650775115,433681233,2.3582992553710938,0.3400000035762787
0,1650775115,481647784,2.3582992553710938,0.3400000035762787
0,1650775115,513843247,2.3065104484558105,0.3400000035762787
0,1650775115,559649133,2.3582992553710938,0.3400000035762787
0,1650775115,608128618,2.3582992553710938,0.3400000035762787
0,1650775115,659973003,2.3582992553710938,0.3400000035762787
0,1650775115,711783693,2.3582992553710938,0.3400000035762787
0,1650775115,782156957,2.3582992553710938,0.30479395389556885
0,1650775115,796141305,2.3582992553710938,0.0
0,1650775115,847119793,2.3582992553710938,0.0
0,1650775115,868359550,2.3582992553710938,-0.12160523235797882
0,1650775115,899891613,2.3582992553710938,-0.3400000035762787
0,1650775115,921761905,2.3582992553710938,-0.3400000035762787
0,1650775115,977112314,2.3582992553710938,-0.3400000035762787
0,1650775116,27973649,2.3582992553710938,-0.3400000035762787
0,1650775116,79776274,2.3582992553710938,-0.3400000035762787
0,1650775116,131767030,2.3582992553710938,-0.3400000035762787
0,1650775116,164142559,2.410088300704956,-0.3400000035762787
0,1650775116,213944618,2.410088300704956,-0.3400000035762787
0,1650775116,264948546,2.410088300704956,-0.3400000035762787
0,1650775116,321232534,2.410088300704956,-0.3400000035762787
0,1650775116,372280655,2.410088300704956,-0.3400000035762787
0,1650775116,424254194,2.410088300704956,-0.3400000035762787
0,1650775116,463667945,2.3582992553710938,-0.3400000035762787
0,1650775116,483861194,2.410088300704956,-0.3400000035762787
0,1650775116,520679909,2.3582992553710938,-0.3400000035762787
0,1650775116,549796777,2.202932357788086,-0.3400000035762787
0,1650775116,580776739,2.0993545055389404,-0.2977401912212372
0,1650775116,602776088,2.047565460205078,0.0
0,1650775116,633199211,1.9957764148712158,0.10752910375595093
0,1650775116,654786651,1.9957764148712158,0.30479395389556885
0,1650775116,675047005,1.9957764148712158,0.3400000035762787
0,1650775116,716185512,1.943987488746643,0.3400000035762787
0,1650775116,770716552,1.9957764148712158,0.3400000035762787
0,1650775116,811298348,1.943987488746643,0.3400000035762787
0,1650775116,834082314,1.943987488746643,0.3400000035762787
0,1650775116,864297051,1.9957764148712158,0.3400000035762787
0,1650775116,906499057,2.047565460205078,0.3400000035762787
0,1650775116,942634788,2.0993545055389404,0.3400000035762787
0,1650775117,6682318,2.202932357788086,0.3400000035762787
0,1650775117,48340222,2.2547214031219482,0.3400000035762787
0,1650775117,68701793,2.3582992553710938,0.3400000035762787
0,1650775117,112294119,2.410088300704956,0.3400000035762787
0,1650775117,165337622,2.410088300704956,0.3400000035762787
0,1650775117,217822527,2.410088300704956,0.3400000035762787
0,1650775117,269338878,2.410088300704956,0.3400000035762787
0,1650775117,324378371,2.410088300704956,0.3400000035762787
0,1650775117,376127460,2.410088300704956,0.3400000035762787
0,1650775117,428157448,2.410088300704956,0.3400000035762787
0,1650775117,468922094,2.4618773460388184,0.3400000035762787
0,1650775117,521041811,2.4618773460388184,0.3400000035762787
0,1650775117,565861479,2.4618773460388184,0.19911301136016846
0,1650775117,588015582,2.4618773460388184,0.0
0,1650775117,619365755,2.5138206481933594,-0.05116172507405281
0,1650775117,631074494,2.5138206481933594,-0.1603538691997528
0,1650775117,651037564,2.4618773460388184,-0.3400000035762787
0,1650775117,661239214,2.4618773460388184,-0.3400000035762787
0,1650775117,681546448,2.4618773460388184,-0.3400000035762787
0,1650775117,712296775,2.4618773460388184,-0.3400000035762787
0,1650775117,743136607,2.4618773460388184,-0.3400000035762787
0,1650775117,800819266,2.4618773460388184,-0.3400000035762787
0,1650775117,852179262,2.5138206481933594,-0.3400000035762787
0,1650775117,916949840,2.5138206481933594,-0.3400000035762787
0,1650775117,931049806,2.5656094551086426,-0.3400000035762787
0,1650775117,981523840,2.5656094551086426,-0.3400000035762787
0,1650775118,33684454,2.5656094551086426,-0.3400000035762787
0,1650775118,91773261,2.5656094551086426,-0.3400000035762787
0,1650775118,142733573,2.5656094551086426,-0.3400000035762787
0,1650775118,195238415,2.5656094551086426,-0.3400000035762787
0,1650775118,250827098,2.5656094551086426,-0.3400000035762787
0,1650775118,271279998,2.410088300704956,-0.3400000035762787
0,1650775118,301886196,2.3065104484558105,-0.3400000035762787
0,1650775118,343070303,2.3065104484558105,-0.3400000035762787
0,1650775118,364426957,2.3065104484558105,-0.3400000035762787
0,1650775118,387769713,2.202932357788086,-0.2026241570711136
0,1650775118,398263014,2.1511433124542236,-0.05116172507405281
0,1650775118,411643387,2.1511433124542236,0.0
0,1650775118,422062799,2.1511433124542236,0.012423567473888397
0,1650775118,432041246,2.1511433124542236,0.012423567473888397
0,1650775118,453148202,2.202932357788086,0.24490495026111603
0,1650775118,477652795,2.202932357788086,0.3400000035762787
0,1650775118,498838823,2.1511433124542236,0.3400000035762787
0,1650775118,518573379,2.202932357788086,0.3400000035762787
0,1650775118,548877461,2.3582992553710938,0.3400000035762787
0,1650775118,563371511,2.3582992553710938,0.3400000035762787
0,1650775118,579656844,2.4618773460388184,0.3400000035762787
0,1650775118,610679078,2.5656094551086426,0.3400000035762787
0,1650775118,662935820,2.5656094551086426,0.3400000035762787
0,1650775118,692262675,2.617398500442505,0.3400000035762787
0,1650775118,723151884,2.7209763526916504,0.3400000035762787
0,1650775118,763515406,2.617398500442505,0.3400000035762787
0,1650775118,794219268,2.410088300704956,0.3400000035762787
0,1650775118,826774031,2.3582992553710938,0.3400000035762787
0,1650775118,848531457,2.2547214031219482,0.3400000035762787
0,1650775118,869241576,2.3065104484558105,0.3400000035762787
0,1650775118,934765987,2.3582992553710938,0.3400000035762787
0,1650775118,995880556,2.4618773460388184,0.3400000035762787
0,1650775119,37124376,2.617398500442505,0.3400000035762787
0,1650775119,68829017,2.824554443359375,0.3400000035762787
0,1650775119,99503759,2.9281325340270996,0.3400000035762787
0,1650775119,152373373,2.9281325340270996,0.3400000035762787
0,1650775119,184655077,2.8763434886932373,0.3400000035762787
0,1650775119,224885509,2.824554443359375,0.3400000035762787
0,1650775119,235145847,2.824554443359375,0.3400000035762787
0,1650775119,287843555,2.824554443359375,0.3400000035762787
0,1650775119,339912487,2.824554443359375,0.3400000035762787
0,1650775119,380390571,2.979921340942383,0.3400000035762787
0,1650775119,401501174,3.1354424953460693,0.3400000035762787
0,1650775119,421774680,3.239020347595215,0.3400000035762787
0,1650775119,452945204,3.3425984382629395,0.3400000035762787
0,1650775119,478536177,3.3943872451782227,0.3400000035762787
0,1650775119,494309633,3.4979653358459473,0.3400000035762787
0,1650775119,539221782,3.5497543811798096,0.3400000035762787
0,1650775119,560431010,3.5497543811798096,0.3400000035762787
0,1650775119,612371589,3.601543426513672,0.3400000035762787
0,1650775119,632864745,3.5497543811798096,0.3329671621322632
0,1650775119,655167266,3.4979653358459473,0.3153589069843292
0,1650775119,686783235,3.4979653358459473,0.318880558013916
0,1650775119,710745390,3.4979653358459473,0.3224022090435028
0,1650775119,729343229,3.601543426513672,0.3259238600730896
0,1650775119,793006339,3.601543426513672,0.3224022090435028
0,1650775119,814576851,3.5497543811798096,0.3224022090435028
0,1650775119,835761920,3.5497543811798096,0.3400000035762787
0,1650775119,846505911,3.5497543811798096,0.3400000035762787
0,1650775119,878355674,3.3943872451782227,0.3400000035762787
0,1650775119,888612749,3.3943872451782227,0.3400000035762787
0,1650775119,910845381,3.239020347595215,0.3400000035762787
0,1650775119,931564908,3.239020347595215,0.3400000035762787
0,1650775119,942118497,3.1872315406799316,0.3400000035762787
0,1650775119,967327034,3.1872315406799316,0.3400000035762787
0,1650775119,983338541,3.1354424953460693,0.3400000035762787
0,1650775120,5635589,3.0834994316101074,0.3400000035762787
0,1650775120,30893503,3.031710386276245,0.3400000035762787
0,1650775120,96155575,3.031710386276245,0.3400000035762787
0,1650775120,116954655,3.031710386276245,0.3400000035762787
0,1650775120,168898082,3.031710386276245,0.3400000035762787
0,1650775120,220263710,2.979921340942383,0.3400000035762787
0,1650775120,282707031,2.979921340942383,0.16388601064682007
0,1650775120,315188769,2.979921340942383,0.0
0,1650775120,371575445,3.031710386276245,-0.0546833761036396
0,1650775120,382631697,3.031710386276245,-0.19558085501194
0,1650775120,401876903,3.1354424953460693,-0.19558085501194
0,1650775120,412446365,3.1354424953460693,-0.3400000035762787
0,1650775120,436817837,3.1872315406799316,-0.3400000035762787
0,1650775120,481663297,3.1354424953460693,-0.3400000035762787
0,1650775120,529366485,3.1354424953460693,-0.3400000035762787
0,1650775120,583287278,3.1354424953460693,-0.3400000035762787
0,1650775120,624339160,3.0834994316101074,-0.3400000035762787
0,1650775120,643828593,3.031710386276245,-0.3400000035762787
0,1650775120,685518594,2.979921340942383,-0.3400000035762787
0,1650775120,735955860,2.9281325340270996,-0.10047532618045807
0,1650775120,756271511,2.8763434886932373,0.012423567473888397
0,1650775120,776665114,2.8763434886932373,0.1533210575580597
0,1650775120,796995549,2.8763434886932373,0.3400000035762787
0,1650775120,849039009,2.8763434886932373,0.3400000035762787
0,1650775120,899898744,2.9281325340270996,0.3400000035762787
0,1650775120,931232853,3.0834994316101074,0.3400000035762787
0,1650775120,962140174,3.1354424953460693,0.3400000035762787
0,1650775121,12910500,3.1354424953460693,0.3400000035762787
0,1650775121,63878844,3.1354424953460693,0.3400000035762787
0,1650775121,114818068,3.1354424953460693,0.3400000035762787
0,1650775121,179253347,3.1872315406799316,0.3400000035762787
0,1650775121,204012407,3.239020347595215,0.3400000035762787
0,1650775121,235161010,3.1872315406799316,0.2906968891620636
0,1650775121,245670055,3.1872315406799316,0.022988520562648773
0,1650775121,270661502,3.031710386276245,0.0
0,1650775121,298574165,3.031710386276245,-0.15331056714057922
0,1650775121,318805943,3.031710386276245,-0.3400000035762787
0,1650775121,329936051,3.031710386276245,-0.3400000035762787
0,1650775121,391936006,3.1354424953460693,-0.3400000035762787
0,1650775121,411155388,3.3425984382629395,-0.3400000035762787
0,1650775121,464643345,3.3425984382629395,-0.3400000035762787
0,1650775121,517609183,3.3425984382629395,-0.3400000035762787
0,1650775121,548493464,3.031710386276245,-0.3400000035762787
0,1650775121,572614949,2.9281325340270996,-0.3400000035762787
0,1650775121,601898635,2.7727653980255127,-0.3400000035762787
0,1650775121,622070988,2.617398500442505,-0.3400000035762787
0,1650775121,663194775,2.617398500442505,-0.3400000035762787
0,1650775121,695500191,2.669187545776367,-0.3400000035762787
0,1650775121,716129861,2.7727653980255127,-0.3400000035762787
0,1650775121,736718571,2.824554443359375,-0.3400000035762787
0,1650775121,790091518,2.824554443359375,-0.3400000035762787
0,1650775121,811025927,2.8763434886932373,-0.3400000035762787
0,1650775121,863870868,2.8763434886932373,-0.3400000035762787
0,1650775121,914843437,2.979921340942383,-0.3400000035762787
0,1650775121,948823592,3.0834994316101074,-0.3400000035762787
0,1650775121,970777596,3.0834994316101074,-0.3400000035762787
0,1650775122,10876092,3.1354424953460693,-0.3400000035762787
0,1650775122,32642094,3.1354424953460693,-0.3364783525466919
0,1650775122,53937596,3.0834994316101074,-0.17092929780483246
0,1650775122,74671299,3.1354424953460693,-0.10751862823963165
0,1650775122,95047238,3.1354424953460693,0.0
0,1650775122,136646838,3.1354424953460693,0.0
0,1650775122,156993113,3.0834994316101074,0.0
0,1650775122,222080079,3.1354424953460693,-0.012413086369633675
0,1650775122,242584403,3.239020347595215,-0.10399697721004486
0,1650775122,263527997,3.290809392929077,-0.29068639874458313
0,1650775122,294966395,3.1872315406799316,-0.3400000035762787
0,1650775122,326035222,3.031710386276245,-0.3400000035762787
0,1650775122,348011339,2.9281325340270996,-0.3259133994579315
0,1650775122,373542696,2.824554443359375,-0.15331056714057922
0,1650775122,404598722,2.824554443359375,0.0
0,1650775122,436775081,3.1354424953460693,0.0
0,1650775122,457022187,3.1872315406799316,0.0
0,1650775122,490175868,3.0834994316101074,0.0
0,1650775122,509578261,2.9281325340270996,0.0
0,1650775122,561237493,2.9281325340270996,0.01594521850347519
0,1650775122,581541751,2.8763434886932373,0.13571280241012573
0,1650775122,602717923,2.617398500442505,0.13571280241012573
0,1650775122,612764051,2.617398500442505,0.2519482374191284
0,1650775122,634707144,2.5138206481933594,0.30831560492515564
0,1650775122,655648433,2.617398500442505,0.3400000035762787
0,1650775122,678503248,2.824554443359375,0.3400000035762787
0,1650775122,708892419,2.669187545776367,0.3400000035762787
0,1650775122,741044202,3.239020347595215,0.3400000035762787
0,1650775122,775681548,3.3943872451782227,0.3400000035762787
0,1650775122,798909295,3.3425984382629395,0.29775065183639526
0,1650775122,810564305,2.979921340942383,0.29775065183639526
0,1650775122,821939600,2.979921340942383,0.08992084860801697
0,1650775122,844721550,2.824554443359375,0.0
0,1650775122,897623260,3.1872315406799316,0.0
0,1650775122,918023007,3.1354424953460693,0.0
0,1650775123,1506434,2.8763434886932373,0.0
0,1650775123,34498738,2.824554443359375,0.0
0,1650775123,54144781,2.669187545776367,0.0
0,1650775123,75816767,2.5656094551086426,0.012423567473888397
0,1650775123,95847902,2.5138206481933594,0.026510171592235565
0,1650775123,116966826,2.4618773460388184,0.058215510100126266
0,1650775123,138193494,2.3582992553710938,0.07934542000293732
0,1650775123,162048480,2.1511433124542236,0.07934542000293732
0,1650775123,174955440,2.1511433124542236,0.07230211794376373
0,1650775123,193468031,0.0,0.06878046691417694
0,1650775123,244732987,0.0,0.09696415066719055
0,1650775123,266513485,0.0,0.12866950035095215
0,1650775123,286563757,0.0,0.1744614541530609
0,1650775123,360469605,0.0,0.20615631341934204
0,1650775123,400075071,0.0,0.1180940568447113
0,1650775123,422958142,0.0,0.0
0,1650775123,502431700,0.0,0.005380264949053526
0,1650775123,540612734,0.0,0.01594521850347519
0,1650775123,561366374,0.5452224016189575,0.01946686953306198
0,1650775123,582357168,1.8921984434127808,0.01946686953306198
0,1650775123,592525985,1.8921984434127808,0.040607254952192307
0,1650775123,614405525,2.5138206481933594,0.05117220804095268
0,1650775123,634978394,2.9281325340270996,0.058215510100126266
0,1650775123,656572107,3.4979653358459473,0.058215510100126266
0,1650775123,676657707,3.653332233428955,0.06878046691417694
0,1650775123,696755019,3.8088533878326416,0.06878046691417694
0,1650775123,719217030,3.860642433166504,0.06878046691417694
0,1650775123,763313586,3.239020347595215,0.06878046691417694
0,1650775123,795862077,2.979921340942383,0.06878046691417694
0,1650775123,827484733,2.8763434886932373,0.06878046691417694
0,1650775123,858632889,2.979921340942383,0.06878046691417694
0,1650775123,879178654,3.1872315406799316,0.07582376897335052
0,1650775123,889597874,3.239020347595215,0.08639919757843018
0,1650775123,910494075,3.290809392929077,0.09696415066719055
0,1650775123,942798851,3.3425984382629395,0.1251373589038849
0,1650775123,962606912,3.5497543811798096,0.12866950035095215
0,1650775123,984182033,3.601543426513672,0.12866950035095215
0,1650775124,37154624,3.601543426513672,0.1251373589038849
0,1650775124,97853477,3.653332233428955,0.10400745272636414
0,1650775124,118013125,3.653332233428955,0.09344249963760376
0,1650775124,149960810,3.653332233428955,0.07582376897335052
0,1650775124,173266126,3.653332233428955,0.06878046691417694
0,1650775124,193625777,3.653332233428955,0.06173716112971306
0,1650775124,224223686,3.653332233428955,0.054693859070539474
0,1650775124,245388242,3.7051212787628174,0.058215510100126266
0,1650775124,265858326,3.653332233428955,0.10752910375595093
0,1650775124,307777130,3.3943872451782227,0.3259238600730896
0,1650775124,328245230,3.3425984382629395,0.3400000035762787
0,1650775124,347801192,3.1872315406799316,0.3400000035762787
0,1650775124,390356835,2.979921340942383,0.3400000035762787
0,1650775124,420811926,2.8763434886932373,0.3400000035762787
0,1650775124,451552141,2.824554443359375,0.3400000035762787
0,1650775124,471729614,2.7209763526916504,0.3400000035762787
0,1650775124,492503606,2.410088300704956,0.3400000035762787
0,1650775124,522986314,2.1511433124542236,0.3400000035762787
0,1650775124,544467897,2.0993545055389404,0.3400000035762787
0,1650775124,565245985,2.047565460205078,0.3400000035762787
0,1650775124,586985300,1.9957764148712158,0.3400000035762787
0,1650775124,627928188,2.047565460205078,0.3400000035762787
0,1650775124,671967847,2.2547214031219482,0.3400000035762787
0,1650775124,703352357,2.3582992553710938,0.3400000035762787
0,1650775124,768208185,2.410088300704956,0.3400000035762787
0,1650775124,792027170,2.410088300704956,0.3400000035762787
0,1650775124,811791807,2.410088300704956,0.3400000035762787
0,1650775124,862813688,2.410088300704956,0.3400000035762787
0,1650775124,882094287,2.5138206481933594,0.3400000035762787
0,1650775124,935067198,2.5138206481933594,0.3400000035762787
0,1650775124,996107654,2.5138206481933594,0.3400000035762787
0,1650775125,49232183,2.5138206481933594,0.3400000035762787
0,1650775125,102064452,2.5138206481933594,0.3400000035762787
0,1650775125,122751723,2.5656094551086426,0.3400000035762787
0,1650775125,175865435,2.617398500442505,0.3400000035762787
0,1650775125,217132456,2.824554443359375,0.3400000035762787
0,1650775125,241628761,2.824554443359375,0.3400000035762787
0,1650775125,262226143,2.8763434886932373,0.3400000035762787
0,1650775125,284594680,2.8763434886932373,0.19559136033058167
0,1650775125,308789286,2.9281325340270996,0.19559136033058167
0,1650775125,319324219,2.9281325340270996,0.0
0,1650775125,339803872,2.9281325340270996,-0.27659979462623596
0,1650775125,362804224,2.9281325340270996,-0.3400000035762787
0,1650775125,402575196,2.979921340942383,-0.3400000035762787
0,1650775125,433558742,3.0834994316101074,-0.3400000035762787
0,1650775125,456600823,3.1354424953460693,-0.3400000035762787
0,1650775125,477763299,3.1872315406799316,-0.3400000035762787
0,1650775125,508199894,3.239020347595215,-0.3400000035762787
0,1650775125,543486496,3.3425984382629395,-0.3400000035762787
0,1650775125,582728565,3.3425984382629395,-0.3400000035762787
0,1650775125,647009858,3.4979653358459473,-0.3400000035762787
0,1650775125,677673080,3.912431240081787,-0.3400000035762787
0,1650775125,709857695,4.223165035247803,-0.3400000035762787
0,1650775125,729648060,4.378686428070068,-0.3400000035762787
0,1650775125,750324611,4.482264041900635,-0.3400000035762787
0,1650775125,790963560,4.534053325653076,-0.3400000035762787
0,1650775125,822060163,4.689420223236084,-0.3400000035762787
0,1650775125,863780788,4.741209030151367,-0.3400000035762787
0,1650775125,886927254,4.689420223236084,-0.31887009739875793
0,1650775125,906628754,4.689420223236084,-0.0546833761036396
0,1650775125,932176719,4.689420223236084,0.0
0,1650775125,979725729,4.689420223236084,0.0
0,1650775126,10610138,4.482264041900635,0.0
0,1650775126,44781847,4.326743125915527,0.18854805827140808
0,1650775126,65776193,4.1713762283325195,0.33648881316185
0,1650775126,87471891,4.119587421417236,0.3400000035762787
0,1650775126,110078895,4.1713762283325195,0.3400000035762787
0,1650775126,150462898,4.067798137664795,0.3400000035762787
0,1650775126,171525949,3.653332233428955,0.3400000035762787
0,1650775126,226270495,0.0,0.3400000035762787
0,1650775126,249366657,0.0,0.3400000035762787
0,1650775126,299919125,0.0,0.3400000035762787
0,1650775126,333304041,0.0,0.3400000035762787
0,1650775126,354785209,0.0,0.3400000035762787
0,1650775126,375875396,0.0,0.3400000035762787
0,1650775126,426528313,0.0,0.3400000035762787
0,1650775126,466968028,0.0,0.3400000035762787
0,1650775126,532896188,0.0,0.3400000035762787
0,1650775126,563321263,0.0,0.3400000035762787
0,1650775126,644097780,1.166844367980957,0.3400000035762787
0,1650775126,658921209,1.943987488746643,0.3400000035762787
0,1650775126,669008970,1.943987488746643,0.3400000035762787
0,1650775126,707972860,2.9281325340270996,0.3400000035762787
0,1650775126,710554937,2.9281325340270996,0.3400000035762787
0,1650775126,729580493,3.5497543811798096,0.3400000035762787
0,1650775126,752456941,3.860642433166504,0.3400000035762787
0,1650775126,772954545,4.1713762283325195,0.3400000035762787
0,1650775126,806230820,4.274954319000244,0.3400000035762787
0,1650775126,818802129,4.274954319000244,0.3400000035762787
0,1650775126,857284414,4.016009330749512,0.3400000035762787
0,1650775126,879026832,3.912431240081787,0.3400000035762787
0,1650775126,898809069,3.9642202854156494,0.3400000035762787
0,1650775126,975470212,4.1713762283325195,0.3400000035762787
0,1650775127,4538504,4.1713762283325195,0.3400000035762787
0,1650775127,25247151,4.1713762283325195,0.2906968891620636
0,1650775127,37061811,4.1713762283325195,0.2167317420244217
0,1650775127,93599274,4.1713762283325195,0.0
0,1650775127,143838778,4.1713762283325195,-0.03354299068450928
0,1650775127,164652738,4.1713762283325195,-0.3400000035762787
0,1650775127,207013019,3.912431240081787,-0.3400000035762787
0,1650775127,258495769,3.7570643424987793,-0.3400000035762787
0,1650775127,304155767,3.7051212787628174,-0.3400000035762787
0,1650775127,321938237,3.3425984382629395,-0.3400000035762787
0,1650775127,342725637,3.1872315406799316,-0.3400000035762787
0,1650775127,363243690,2.7727653980255127,-0.3400000035762787
0,1650775127,415676179,2.7727653980255127,-0.12160523235797882
0,1650775127,437275204,2.7727653980255127,0.0018586142687126994
0,1650775127,448087420,2.7727653980255127,0.15684270858764648
0,1650775127,467746520,2.7209763526916504,0.3400000035762787
0,1650775127,479377593,2.7209763526916504,0.3400000035762787
0,1650775127,516307509,2.7727653980255127,0.3400000035762787
0,1650775127,546955179,2.8763434886932373,0.3400000035762787
0,1650775127,619316050,2.979921340942383,0.3400000035762787
0,1650775127,639243953,3.0834994316101074,0.3400000035762787
0,1650775127,670552046,3.290809392929077,0.3400000035762787
0,1650775127,724373798,3.290809392929077,0.3400000035762787
0,1650775127,742631954,3.239020347595215,0.3400000035762787
0,1650775127,796006341,3.239020347595215,0.3400000035762787
0,1650775127,816000612,3.1872315406799316,0.3400000035762787
0,1650775127,835975043,3.1872315406799316,0.2942185401916504
0,1650775127,859253895,3.1872315406799316,0.06878046691417694
0,1650775127,935716188,3.3425984382629395,0.0
0,1650775127,982354820,3.3425984382629395,0.0018586142687126994
0,1650775128,2920553,3.3943872451782227,0.12866950035095215
0,1650775128,44055220,3.446176290512085,0.3400000035762787
0,1650775128,75291281,3.4979653358459473,0.3400000035762787
0,1650775128,97977870,3.601543426513672,0.3400000035762787
0,1650775128,128287744,3.860642433166504,0.3400000035762787
0,1650775128,160152516,3.9642202854156494,0.3400000035762787
0,1650775128,181412785,4.016009330749512,0.3400000035762787
0,1650775128,202890912,4.223165035247803,0.3400000035762787
0,1650775128,232769710,4.378686428070068,0.3400000035762787
0,1650775128,254380959,4.482264041900635,0.3400000035762787
0,1650775128,275674220,4.637631416320801,0.3400000035762787
0,1650775128,307639729,4.844787120819092,0.3400000035762787
0,1650775128,338745964,5.0,0.3400000035762787
0,1650775128,390297419,5.0,0.3400000035762787
0,1650775128,421033858,5.0,0.16036435961723328
0,1650775128,443325211,5.0,0.03355347365140915
0,1650775128,463775967,5.0,0.0
0,1650775128,514572373,5.0,0.0
0,1650775128,565340940,5.0,0.0
0,1650775128,617581011,5.0,0.0
0,1650775128,668811054,5.0,0.0
0,1650775128,727831425,5.0,0.0
0,1650775128,786308717,5.0,-0.18149425089359283
0,1650775128,806853042,5.0,-0.3400000035762787
0,1650775128,858134094,5.0,-0.3400000035762787
0,1650775128,909161223,5.0,-0.3400000035762787
0,1650775128,959464569,5.0,-0.3400000035762787
0,1650775129,21474252,5.0,-0.1673971712589264
0,1650775129,53207982,5.0,0.0
0,1650775129,104115302,5.0,0.0
0,1650775129,155469667,5.0,0.0
0,1650775129,211542037,5.0,0.0
0,1650775129,262852177,5.0,0.0
0,1650775129,313895787,5.0,0.06878046691417694
0,1650775129,335614845,5.0,0.29775065183639526
0,1650775129,358212153,5.0,0.3400000035762787
0,1650775129,408115942,5.0,0.3400000035762787
0,1650775129,461987711,5.0,0.3400000035762787
0,1650775129,482295906,5.0,0.1497994065284729
0,1650775129,516478111,5.0,0.0
0,1650775129,573177368,5.0,0.0
0,1650775129,618436081,5.0,0.0
0,1650775129,669660268,5.0,0.0
0,1650775129,701201612,5.0,0.01594521850347519
0,1650775129,721940819,5.0,0.3400000035762787
0,1650775129,789228482,5.0,0.3400000035762787
0,1650775129,807855378,5.0,0.3400000035762787
0,1650775129,837893793,5.0,0.3400000035762787
0,1650775129,892514722,5.0,0.3400000035762787
0,1650775129,932078940,5.0,0.3400000035762787
0,1650775129,947047523,5.0,0.3400000035762787
0,1650775129,967532103,5.0,0.3400000035762787
0,1650775129,989363291,5.0,0.3400000035762787
0,1650775130,22590510,5.0,0.3400000035762787
0,1650775130,43524791,5.0,0.3400000035762787
0,1650775130,66264149,5.0,0.3400000035762787
0,1650775130,93343107,5.0,0.3400000035762787
0,1650775130,157234060,5.0,0.3400000035762787
0,1650775130,178327543,5.0,0.3400000035762787
0,1650775130,200671345,5.0,0.3400000035762787
0,1650775130,234136038,5.0,0.3400000035762787
0,1650775130,256786883,5.0,0.3400000035762787
0,1650775130,280451627,5.0,0.3400000035762787
0,1650775130,302634530,4.844787120819092,0.3400000035762787
0,1650775130,311638343,4.637631416320801,0.3400000035762787
0,1650775130,331915593,4.274954319000244,0.3400000035762787
0,1650775130,342175707,4.016009330749512,0.3400000035762787
0,1650775130,352945908,3.912431240081787,0.3400000035762787
0,1650775130,373275798,3.8088533878326416,0.3400000035762787
0,1650775130,383824236,3.653332233428955,0.3400000035762787
0,1650775130,409082214,0.0,0.3400000035762787
0,1650775130,461225132,0.0,0.3400000035762787
0,1650775130,514085914,0.0,0.3400000035762787
0,1650775130,564876688,0.0,0.3400000035762787
0,1650775130,617481851,0.0,0.3400000035762787
0,1650775130,668672278,0.0,0.3400000035762787
0,1650775130,726693278,0.0,0.3400000035762787
0,1650775130,787158848,0.7525324821472168,0.3400000035762787
0,1650775130,807872328,1.3741543292999268,0.3400000035762787
0,1650775130,834884181,1.8921984434127808,0.3400000035762787
0,1650775130,842945615,2.7727653980255127,0.3400000035762787
0,1650775130,862956078,3.3425984382629395,0.3400000035762787
0,1650775130,871752688,3.7051212787628174,0.3400000035762787
0,1650775130,892236181,3.912431240081787,0.3400000035762787
0,1650775130,903897271,4.1713762283325195,0.3400000035762787
0,1650775130,916163136,4.482264041900635,0.3400000035762787
0,1650775130,937839698,4.534053325653076,0.3400000035762787
0,1650775130,968857452,4.585842132568359,0.3400000035762787
0,1650775130,999768485,4.637631416320801,0.3400000035762787
0,1650775131,40428010,4.637631416320801,0.3400000035762787
0,1650775131,50944672,4.689420223236084,0.3400000035762787
0,1650775131,102902371,4.689420223236084,0.3400000035762787
0,1650775131,154272001,4.844787120819092,0.3400000035762787
0,1650775131,176645498,4.792998313903809,0.3400000035762787
0,1650775131,198173546,4.792998313903809,0.3400000035762787
0,1650775131,251356828,4.792998313903809,0.3400000035762787
0,1650775131,301598317,4.792998313903809,0.3400000035762787
0,1650775131,332912618,4.482264041900635,0.01946686953306198
0,1650775131,343149852,4.482264041900635,0.01946686953306198
0,1650775131,387388682,4.326743125915527,-0.3400000035762787
0,1650775131,427985327,4.274954319000244,-0.3400000035762787
0,1650775131,460939359,4.274954319000244,-0.3400000035762787
0,1650775131,501527651,4.1713762283325195,-0.3400000035762787
0,1650775131,521463266,4.119587421417236,-0.3400000035762787
0,1650775131,562912784,4.016009330749512,-0.3400000035762787
0,1650775131,634770706,3.9642202854156494,-0.3400000035762787
0,1650775131,687144955,3.7570643424987793,-0.3400000035762787
0,1650775131,708439080,3.653332233428955,-0.3400000035762787
0,1650775131,729789430,3.4979653358459473,-0.3400000035762787
0,1650775131,750313563,3.290809392929077,0.0
0,1650775131,771097059,2.979921340942383,0.0
0,1650775131,783424301,2.5138206481933594,0.054693859070539474
0,1650775131,802250623,1.2705764770507812,0.3400000035762787
0,1650775131,845223263,0.0,0.3400000035762787
0,1650775131,894660454,0.0,0.3400000035762787
0,1650775131,945888066,0.7007434964179993,0.3400000035762787
0,1650775131,986678281,1.2705764770507812,0.3400000035762787
0,1650775132,19386550,1.5813102722167969,0.3400000035762787
0,1650775132,55021572,2.047565460205078,0.3400000035762787
0,1650775132,80071899,2.669187545776367,0.3400000035762787
0,1650775132,101052581,3.0834994316101074,0.3400000035762787
0,1650775132,137088535,3.912431240081787,0.3400000035762787
0,1650775132,158793706,4.430475234985352,0.3400000035762787
0,1650775132,174253654,4.534053325653076,0.3400000035762787
0,1650775132,195036126,4.637631416320801,0.3400000035762787
0,1650775132,229643936,4.844787120819092,0.00890191551297903
0,1650775132,249991555,4.844787120819092,0.0
0,1650775132,272101274,4.844787120819092,-0.223764568567276
0,1650775132,292108921,4.844787120819092,-0.3400000035762787
0,1650775132,335337052,4.844787120819092,-0.3400000035762787
0,1650775132,353157346,4.844787120819092,-0.3400000035762787
0,1650775132,404914724,4.896575927734375,-0.3400000035762787
0,1650775132,437177068,4.948365211486816,-0.3400000035762787
0,1650775132,504135159,5.0,-0.3400000035762787
0,1650775132,542369986,5.0,-0.3400000035762787
0,1650775132,583204202,5.0,-0.3400000035762787
0,1650775132,688597986,5.0,-0.3400000035762787
0,1650775132,742757342,5.0,-0.3400000035762787
0,1650775132,796890298,5.0,-0.3400000035762787
0,1650775132,848009013,5.0,-0.3400000035762787
0,1650775132,900915715,5.0,-0.3400000035762787
0,1650775132,955864872,5.0,-0.3400000035762787
0,1650775132,969349567,5.0,-0.3400000035762787
0,1650775132,990539403,5.0,-0.3400000035762787
0,1650775133,7816812,4.896575927734375,-0.3400000035762787
0,1650775133,18206048,4.741209030151367,-0.3400000035762787
0,1650775133,34661112,4.585842132568359,-0.3400000035762787
0,1650775133,39079465,4.119587421417236,-0.3400000035762787
0,1650775133,60436599,0.07912154495716095,-0.3400000035762787
0,1650775133,82878354,0.0,-0.3400000035762787
0,1650775133,139508842,0.0,-0.3400000035762787
0,1650775133,196996107,0.0,-0.3400000035762787
0,1650775133,248910063,0.0,-0.3400000035762787
0,1650775133,300556591,0.0,-0.3400000035762787
0,1650775133,320772177,0.8561104536056519,-0.3400000035762787
0,1650775133,341525976,3.290809392929077,-0.3400000035762787
0,1650775133,361941148,4.274954319000244,-0.3400000035762787
0,1650775133,386731665,5.0,-0.3400000035762787
0,1650775133,435274894,5.0,-0.3400000035762787
0,1650775133,490608824,5.0,-0.3400000035762787
0,1650775133,542206264,5.0,-0.3400000035762787
0,1650775133,593201809,5.0,-0.3400000035762787
0,1650775133,614364829,5.0,-0.17797259986400604
0,1650775133,644145129,5.0,0.0
0,1650775133,678130309,5.0,0.3400000035762787
0,1650775133,730637359,5.0,0.3400000035762787
0,1650775133,750600749,5.0,0.3400000035762787
0,1650775133,773102089,5.0,0.3400000035762787
0,1650775133,784316774,4.792998313903809,0.3400000035762787
0,1650775133,804580968,4.378686428070068,0.3400000035762787
0,1650775133,819041161,3.8088533878326416,0.3400000035762787
0,1650775133,835832197,3.3943872451782227,0.3400000035762787
0,1650775133,866810686,3.031710386276245,0.3400000035762787
0,1650775133,900423253,2.7727653980255127,0.3400000035762787
0,1650775133,919350025,2.617398500442505,0.3400000035762787
0,1650775133,944626147,2.4618773460388184,0.3400000035762787
0,1650775133,964183005,1.5295213460922241,0.3400000035762787
0,1650775133,984016570,0.0,0.3400000035762787
0,1650775134,39836425,0.0,0.3400000035762787
0,1650775134,90901667,0.0,0.3400000035762787
0,1650775134,139615299,0.0,0.3400000035762787
0,1650775134,193796768,0.0,0.3400000035762787
0,1650775134,221909849,1.1150553226470947,0.3400000035762787
0,1650775134,255597233,1.5813102722167969,0.3400000035762787
0,1650775134,265322206,2.0993545055389404,0.3400000035762787
0,1650775134,275406030,2.8763434886932373,0.3400000035762787
0,1650775134,290916764,3.5497543811798096,0.3400000035762787
0,1650775134,300330021,4.016009330749512,0.3400000035762787
0,1650775134,317652838,4.482264041900635,0.3400000035762787
0,1650775134,328529951,5.0,0.3400000035762787
0,1650775134,360314306,5.0,0.3400000035762787
0,1650775134,380651621,5.0,0.3400000035762787
0,1650775134,402900669,4.844787120819092,0.3400000035762787
0,1650775134,412816844,4.741209030151367,0.3400000035762787
0,1650775134,434813442,4.741209030151367,0.3400000035762787
0,1650775134,445589338,4.689420223236084,0.3400000035762787
0,1650775134,466618533,4.482264041900635,0.3400000035762787
0,1650775134,499368978,4.378686428070068,0.3400000035762787
0,1650775134,511389176,4.274954319000244,0.3400000035762787
0,1650775134,531049620,3.9642202854156494,0.3400000035762787
0,1650775134,545337523,3.446176290512085,0.3400000035762787
0,1650775134,555265698,2.3582992553710938,0.3400000035762787
0,1650775134,575815559,0.0,0.31183725595474243
0,1650775134,601075297,0.0,0.22377504408359528
0,1650775134,619393230,0.0,0.06878046691417694
0,1650775134,650642858,0.0,0.0
0,1650775134,702553518,0.0,0.0
0,1650775134,756989101,0.0,0.0
0,1650775134,788327083,1.166844367980957,0.0
0,1650775134,809053650,3.3425984382629395,0.0
0,1650775134,831210442,3.9642202854156494,0.0
0,1650775134,855122325,4.896575927734375,0.0
0,1650775134,886321265,5.0,0.0
0,1650775134,939905959,5.0,0.0
0,1650775134,973946499,4.948365211486816,0.0
0,1650775135,21859641,5.0,0.0
0,1650775135,74968970,5.0,0.0
0,1650775135,127253234,5.0,0.054693859070539474
0,1650775135,147210513,5.0,0.3400000035762787
0,1650775135,178913714,4.948365211486816,0.3400000035762787
0,1650775135,198968146,4.844787120819092,0.3400000035762787
0,1650775135,250312943,4.844787120819092,0.3400000035762787
0,1650775135,300557056,4.844787120819092,0.3400000035762787
0,1650775135,351512537,4.844787120819092,0.3400000035762787
0,1650775135,382779862,4.792998313903809,0.3400000035762787
0,1650775135,437054260,4.844787120819092,0.3400000035762787
0,1650775135,475942726,4.792998313903809,0.3400000035762787
0,1650775135,527033056,4.792998313903809,0.3400000035762787
0,1650775135,571513873,4.741209030151367,0.3400000035762787
0,1650775135,612819422,4.689420223236084,0.3400000035762787
0,1650775135,646629719,3.5497543811798096,0.3400000035762787
0,1650775135,667414847,3.3943872451782227,0.3400000035762787
0,1650775135,678204567,3.7051212787628174,0.3400000035762787
0,1650775135,709296018,3.912431240081787,0.3400000035762787
0,1650775135,753450783,-0.07896740734577179,0.3400000035762787
0,1650775135,774577259,0.0,0.3400000035762787
0,1650775135,796815907,0.0,0.3400000035762787
0,1650775135,816496671,0.0,0.3400000035762787
0,1650775135,837679019,0.0,0.2167317420244217
0,1650775135,847916126,0.0,0.1180940568447113
0,1650775135,868897960,0.0,0.0
0,1650775135,882997605,0.0,0.0
0,1650775135,932049225,0.0,0.0
0,1650775135,990619894,0.0,0.0
0,1650775136,44582577,0.0,0.0
0,1650775136,99655127,0.0,0.0
0,1650775136,145398870,0.0,0.0
0,1650775136,196303694,0.0,0.0
0,1650775136,251132018,0.0,0.0
0,1650775136,303447002,0.0,0.0
0,1650775136,359483820,0.0,0.0
0,1650775136,411044587,0.0,0.0
0,1650775136,458624222,0.0,0.0
0,1650775136,509996188,0.0,0.0
0,1650775136,560384558,0.0,0.0
0,1650775136,613510175,0.0,0.0
0,1650775136,665223841,0.0,0.0
0,1650775136,719259516,0.0,0.0
0,1650775136,771541027,0.0,0.0
0,1650775136,824121902,0.0,0.0
0,1650775136,875697870,0.0,0.0
0,1650775136,931600062,0.0,0.0
0,1650775136,985409815,0.0,0.0
0,1650775137,39917015,0.0,0.0
0,1650775137,93816465,0.0,0.0
0,1650775137,145771669,0.0,0.0
0,1650775137,196507147,0.0,0.0
0,1650775137,248598257,0.0,0.0
0,1650775137,299346823,0.0,0.0
0,1650775137,351324811,0.0,0.0
0,1650775137,408195590,0.0,0.0
0,1650775137,458922108,0.0,0.0
0,1650775137,510523709,0.0,0.0
0,1650775137,560595755,0.0,0.0
0,1650775137,612383086,0.0,0.0
0,1650775137,675106730,0.0,0.0
0,1650775137,719183670,0.0,0.0
0,1650775137,770396370,0.0,0.0
0,1650775137,821467660,0.0,0.0
0,1650775137,876682612,0.0,0.0
0,1650775137,928728313,0.0,0.0
0,1650775137,979930965,0.0,0.0
0,1650775138,33030821,0.0,0.0
0,1650775138,82605167,0.0,0.0
0,1650775138,135928130,0.0,0.0
0,1650775138,193328227,0.0,0.0
